[
  {
    "icon": "fa fa-home",
    "slug": "external",
    "title": "Volver al inicio",
    "path": "index.html"
  },  
  { 
    "id": 1,
    "icon": "fa fa-file-text-o",
    "slug": "introduccion",
    "title": "Introducción",
    "breadcrumb": ["Inicio","introduccion"],
    "path": "pages/1-tema.html"
  },
  { 
    "id": 2,
    "icon": "fa fa-file-text-o",
    "slug": "patronaje1",
    "title": "1. Patronaje interpretación de modelos",
    "breadcrumb": ["Inicio","patronaje1"],
    "path": "pages/2-tema.html",    
    "submenu": [
      {
        "icon": "fa fa-play-circle",
        "slug": "patronaje1",
        "title": "1.1 Manga sastre",
        "anchor": "11"
      },
      {
        "icon": "fa fa-play-circle",
        "slug": "patronaje1",
        "title": "1.2 Trazo de chaqueta tres botones",
        "anchor": "12"
      },
      {
        "icon": "fa fa-play-circle",
        "slug": "patronaje1",
        "title": "1.3 Interpretación de chaqueta bomber",
        "anchor": "13"
      },
      {
        "icon": "fa fa-play-circle",
        "slug": "patronaje1",
        "title": "1.4 Chaqueta sastre femenina",
        "anchor": "14"
      },
      {
        "icon": "fa fa-play-circle",
        "slug": "patronaje1",
        "title": "1.5 Chaqueta cuello alto (traslados de pinza)",
        "anchor": "15"
      },
      {
        "icon": "fa fa-play-circle",
        "slug": "patronaje1",
        "title": "1.6 Abrigo asimétrico",
        "anchor": "16"
      },
      {
        "icon": "fa fa-play-circle",
        "slug": "patronaje1",
        "title": "1.7 Generalidades de pantalón sastre masculino - interpretación",
        "anchor": "17"
      },
      {
        "icon": "fa fa-play-circle",
        "slug": "patronaje1",
        "title": "1.8 Interpretación de pantalón sastre femenino",
        "anchor": "18"
      },
      {
        "icon": "fa fa-play-circle",
        "slug": "patronaje1",
        "title": "1.9 Generalidades de manga kimona y ranglan",
        "anchor": "19"
      },
      {
        "icon": "fa fa-play-circle",
        "slug": "patronaje1",
        "title": "1.10 Análisis e interpretación de capas",
        "anchor": "110"
      },
      {
        "icon": "fa fa-play-circle",
        "slug": "patronaje1",
        "title": "1.11 Análisis e interpretación de pantalón sudadera",
        "anchor": "111"
      }
    ]
  },
  { 
    "id": 3,
    "icon": "fa fa-file-text-o",
    "slug": "patronaje2",
    "title": "2. Patronaje línea interior y deportiva (Software de patronaje)",
    "breadcrumb": ["Inicio","patronaje2"],
    "path": "pages/3-tema.html",    
    "submenu": [
      {
        "icon": "fa fa-play-circle",
        "slug": "patronaje2",
        "title": "2.1 Trazo de panti básico",
        "anchor": "21"
      },
      {
        "icon": "fa fa-play-circle",
        "slug": "patronaje2",
        "title": "2.2 Trazo de panti culotte",
        "anchor": "22"
      },
      {
        "icon": "fa fa-play-circle",
        "slug": "patronaje2",
        "title": "2.3 Hipster con encaje",
        "anchor": "23"
      },
      {
        "icon": "fa fa-play-circle",
        "slug": "patronaje2",
        "title": "2.4 Boxer encaje",
        "anchor": "24"
      },
      {
        "icon": "fa fa-play-circle",
        "slug": "patronaje2",
        "title": "2.5 Panti faja - cintura alta",
        "anchor": "25"
      },
      {
        "icon": "fa fa-play-circle",
        "slug": "patronaje2",
        "title": "2.6 Tanga descaderada",
        "anchor": "26"
      },
      {
        "icon": "fa fa-play-circle",
        "slug": "patronaje2",
        "title": "2.7 Interpretación de tanga encaje",
        "anchor": "27"
      },
      {
        "icon": "fa fa-play-circle",
        "slug": "patronaje2",
        "title": "2.8 Brasier balconet con cotilla",
        "anchor": "28"
      },
      {
        "icon": "fa fa-play-circle",
        "slug": "patronaje2",
        "title": "2.9 Brallette",
        "anchor": "29"
      },
      {
        "icon": "fa fa-play-circle",
        "slug": "patronaje2",
        "title": "2.10 Interfaz audaces",
        "anchor": "210"
      },
      {
        "icon": "fa fa-play-circle",
        "slug": "patronaje2",
        "title": "2.11 Panti clásico",
        "anchor": "211"
      },
      {
        "icon": "fa fa-play-circle",
        "slug": "patronaje2",
        "title": "2.12 Interpretación de pantis",
        "anchor": "212"
      },
      {
        "icon": "fa fa-play-circle",
        "slug": "patronaje2",
        "title": "2.13 Interpretación hipsters",
        "anchor": "213"
      },
      {
        "icon": "fa fa-play-circle",
        "slug": "patronaje2",
        "title": "2.14 Boxer masculino",
        "anchor": "214"
      },
      {
        "icon": "fa fa-play-circle",
        "slug": "patronaje2",
        "title": "2.15 Pantaloncillo masculino",
        "anchor": "215"
      },
      {
        "icon": "fa fa-play-circle",
        "slug": "patronaje2",
        "title": "2.16 Base superior de ropa interior",
        "anchor": "216"
      },
      {
        "icon": "fa fa-play-circle",
        "slug": "patronaje2",
        "title": "2.17 Brasier altura de copa",
        "anchor": "217"
      },
      {
        "icon": "fa fa-play-circle",
        "slug": "patronaje2",
        "title": "2.18 Copa corte vertical y horizontal",
        "anchor": "218"
      },
      {
        "icon": "fa fa-play-circle",
        "slug": "patronaje2",
        "title": "2.19 Escalado brasier corte horizontal",
        "anchor": "219"
      }
    ]
  },
  { 
    "id": 4,
    "icon": "fa fa-file-text-o",
    "slug": "patronaje3",
    "title": "3. Operaciones de preparación para elaboración de muestra - Tejido plano",
    "breadcrumb": ["Inicio","patronaje3"],
    "path": "pages/4-tema.html",    
    "submenu": [
      {
        "icon": "fa fa-play-circle",
        "slug": "patronaje3",
        "title": "3.1 Ruta u orden operacional para camisa",
        "anchor": "31"
      },
      {
        "icon": "fa fa-play-circle",
        "slug": "patronaje3",
        "title": "3.2 Ensamble de blusa femenina",
        "anchor": "32"
      },
      {
        "icon": "fa fa-play-circle",
        "slug": "patronaje3",
        "title": "3.3 Ensamble de falda",
        "anchor": "33"
      },
      {
        "icon": "fa fa-play-circle",
        "slug": "patronaje3",
        "title": "3.4 Ensamble de pantalón masculino",
        "anchor": "34"
      },
      {
        "icon": "fa fa-play-circle",
        "slug": "patronaje3",
        "title": "3.5 Ensamble de pantalón femenino",
        "anchor": "35"
      }
    ]
  }
]